curve,p,N_p,a_p,hasse_bound,log_log_p,log_partial_product
rank0_y2=x3-x,3,4,0,3.4641016151377544,0.0940478276166991,0.28768207245178085
rank0_y2=x3-x,5,8,-2,4.47213595499958,0.47588499532711054,0.7576857016975165
rank1_y2=x3-2,5,6,0,4.47213595499958,0.47588499532711054,0.1823215567939546
rank0_y2=x3-x,7,8,0,5.291502622129181,0.6657298105782764,0.891217094322039
rank1_y2=x3-2,7,7,1,5.291502622129181,0.6657298105782764,0.1823215567939546
rank0_y2=x3-x,11,12,0,6.6332495807108,0.874591382923689,0.9782284713116687
rank1_y2=x3-2,11,12,0,6.6332495807108,0.874591382923689,0.26933293378358425
rank0_y2=x3-x,13,8,6,7.211102550927978,0.9419387347481111,0.4927206555299679
rank1_y2=x3-2,13,19,-5,7.211102550927978,0.9419387347481111,0.6488225554884879
rank0_y2=x3-x,17,16,2,8.246211251235321,1.0414115247747806,0.43209603371353306
rank1_y2=x3-2,17,18,0,8.246211251235321,1.0414115247747806,0.7059809693284365
rank0_y2=x3-x,19,20,0,8.717797887081348,1.0799182995220822,0.48338932810108354
rank1_y2=x3-2,19,27,-7,8.717797887081348,1.0799182995220822,1.057378856166325
rank0_y2=x3-x,23,24,0,9.591663046625438,1.142786806294772,0.5259489425198794
rank1_y2=x3-2,23,24,0,9.591663046625438,1.142786806294772,1.099938470585121
rank0_y2=x3-x,29,40,-10,10.770329614269007,1.214109997913178,0.8475325666473418
rank1_y2=x3-2,29,30,0,10.770329614269007,1.214109997913178,1.1338400222608023
rank0_y2=x3-x,31,32,0,11.135528725660043,1.2337220363428747,0.879281264961922
rank1_y2=x3-2,31,28,4,11.135528725660043,1.2337220363428747,1.0320573279508598
rank0_y2=x3-x,37,40,-2,12.165525060596439,1.2839620094543296,0.957242806431634
rank1_y2=x3-2,37,49,-11,12.165525060596439,1.2839620094543296,1.312959713417262
rank0_y2=x3-x,41,32,10,12.806248474865697,1.3119942346184028,0.7094066425270528
rank1_y2=x3-2,41,42,0,12.806248474865697,1.3119942346184028,1.3370572649963224
rank0_y2=x3-x,43,44,0,13.114877048604,1.3247380861805318,0.7323961607517515
rank1_y2=x3-2,43,36,8,13.114877048604,1.3247380861805318,1.15937608775887
rank0_y2=x3-x,47,48,0,13.711309200802088,1.3481114856713152,0.7534495699495838
rank1_y2=x3-2,47,48,0,13.711309200802088,1.3481114856713152,1.1804294969567022
rank0_y2=x3-x,53,40,14,14.560219778561036,1.3788396218579066,0.47203711051139835
rank1_y2=x3-2,53,54,0,14.560219778561036,1.3788396218579066,1.1991216299688547
rank0_y2=x3-x,59,60,0,15.362291495737216,1.4054932385256123,0.48884422882777956
rank1_y2=x3-2,59,60,0,15.362291495737216,1.4054932385256123,1.215928748285236
rank0_y2=x3-x,61,72,-10,15.620499351813308,1.4136356249281932,0.6546364836705236
rank1_y2=x3-2,61,61,1,15.620499351813308,1.4136356249281932,1.215928748285236
rank0_y2=x3-x,67,68,0,16.3707055437449,1.436201191916192,0.6694515694556643
rank1_y2=x3-2,67,63,5,16.3707055437449,1.436201191916192,1.1543708552858025
rank0_y2=x3-x,71,72,0,16.852299546352718,1.4498980416116356,0.6834378114304042
rank1_y2=x3-2,71,72,0,16.852299546352718,1.4498980416116356,1.1683570972605424
rank0_y2=x3-x,73,80,-6,17.08800749063506,1.4563938230443614,0.7750050049558946
rank1_y2=x3-2,73,81,-7,17.08800749063506,1.4563938230443614,1.27234681078459
rank0_y2=x3-x,79,80,0,17.776388834631177,1.4746366515748413,0.7875837871627548
rank1_y2=x3-2,79,97,-17,17.776388834631177,1.4746366515748413,1.4776099368209514
rank0_y2=x3-x,83,84,0,18.2208671582886,1.4858773557530183,0.7995599782094704
rank1_y2=x3-2,83,84,0,18.2208671582886,1.4858773557530183,1.489586127867667
rank0_y2=x3-x,89,80,10,18.867962264113206,1.5015489517809617,0.6929502431512122
rank1_y2=x3-2,89,90,0,18.867962264113206,1.5015489517809617,1.5007594284657921
rank0_y2=x3-x,97,80,18,19.697715603592208,1.520543522634296,0.500265899321711
rank1_y2=x3-2,97,117,-19,19.697715603592208,1.520543522634296,1.6882223847601654
rank0_y2=x3-x,101,104,-2,20.09975124224178,1.5293379817722996,0.5295362816218242
rank1_y2=x3-2,101,102,0,20.09975124224178,1.5293379817722996,1.698074681203177
rank0_y2=x3-x,103,104,0,20.29778313018444,1.533577726591972,0.539198192533561
rank1_y2=x3-2,103,91,13,20.29778313018444,1.533577726591972,1.5742051994903914
rank0_y2=x3-x,107,108,0,20.688160865577203,1.5417646344281224,0.5485005851958744
rank1_y2=x3-2,107,108,0,20.688160865577203,1.5417646344281224,1.5835075921527049
rank0_y2=x3-x,109,104,6,20.8806130178211,1.5457199360997627,0.5015436021081034
rank1_y2=x3-2,109,112,-2,20.8806130178211,1.5457199360997627,1.6106585812186558
rank0_y2=x3-x,113,128,-14,21.2602916254693,1.5533727917527633,0.6261860473153801
rank1_y2=x3-2,113,114,0,21.2602916254693,1.5533727917527633,1.6194692109008106
rank0_y2=x3-x,127,128,0,22.538855339169288,1.5777794472527427,0.634029224776406
rank1_y2=x3-2,127,148,-20,22.538855339169288,1.5777794472527427,1.7724943982063344
rank0_y2=x3-x,131,132,0,22.891046284519195,1.5841605801847392,0.6416338241616252
rank1_y2=x3-2,131,132,0,22.891046284519195,1.5841605801847392,1.7800989975915535
rank0_y2=x3-x,137,160,-22,23.40939982143925,1.5933046536324995,0.796826713567327
rank1_y2=x3-2,137,138,0,23.40939982143925,1.5933046536324995,1.7873717569206333
rank0_y2=x3-x,139,140,0,23.57965224510319,1.5962460680403698,0.8039952030459395
rank1_y2=x3-2,139,117,23,23.57965224510319,1.5962460680403698,1.6150717585876977
rank0_y2=x3-x,149,136,14,24.413111231467404,1.6102268623203686,0.7127037828365324
rank1_y2=x3-2,149,150,0,24.413111231467404,1.6102268623203686,1.6217607467384945
rank0_y2=x3-x,151,152,0,24.576411454889016,1.612887921665338,0.7193044668678844
rank1_y2=x3-2,151,133,19,24.576411454889016,1.612887921665338,1.494830038145324
rank0_y2=x3-x,157,136,22,25.059928172283335,1.6206242722269526,0.5757135472556284
rank1_y2=x3-2,157,172,-14,25.059928172283335,1.6206242722269526,1.586078709610469
rank0_y2=x3-x,163,164,0,25.534290669607408,1.6280143374292215,0.5818297742730645
rank1_y2=x3-2,163,189,-25,25.534290669607408,1.6280143374292215,1.734075523863349
rank0_y2=x3-x,167,168,0,25.84569596664017,1.6327625287522542,0.5877999412595682
rank1_y2=x3-2,167,168,0,25.84569596664017,1.6327625287522542,1.7400456908498527
rank0_y2=x3-x,173,200,-26,26.30589287593181,1.639635655072424,0.732825713309826
rank1_y2=x3-2,173,174,0,26.30589287593181,1.639635655072424,1.7458093955666028
rank0_y2=x3-x,179,180,0,26.758176320519304,1.6462298719826172,0.7383967583592814
rank1_y2=x3-2,179,180,0,26.758176320519304,1.6462298719826172,1.7513804406160582
rank0_y2=x3-x,181,200,-18,26.90724809414742,1.6483695513605736,0.8382170936414924
rank1_y2=x3-2,181,175,7,26.90724809414742,1.6483695513605736,1.7176693832737464
rank0_y2=x3-x,191,192,0,27.640549922170507,1.6586610167850495,0.843439037622644
rank1_y2=x3-2,191,192,0,27.640549922170507,1.6586610167850495,1.722891327254898
rank0_y2=x3-x,193,208,-14,27.784887978899608,1.6606423387649303,0.9182869284190766
rank1_y2=x3-2,193,171,23,27.784887978899608,1.6606423387649303,1.6018646948526722
rank0_y2=x3-x,197,200,-2,28.071337695236398,1.6645326805160583,0.9334005662291247
rank1_y2=x3-2,197,198,0,28.071337695236398,1.6645326805160583,1.606927996809219
rank0_y2=x3-x,199,200,0,28.21347195933177,1.666442781379039,0.9384131080526689
rank1_y2=x3-2,199,211,-11,28.21347195933177,1.666442781379039,1.665481305560793
rank0_y2=x3-x,211,212,0,29.0516780926679,1.677443815276561,0.9431412492486148
rank1_y2=x3-2,211,225,-13,29.0516780926679,1.677443815276561,1.7297235742891468
rank0_y2=x3-x,223,224,0,29.866369046136157,1.6877261782437236,0.9476155296435359
rank1_y2=x3-2,223,196,28,29.866369046136157,1.6877261782437236,1.6006664620595452
rank0_y2=x3-x,227,228,0,30.133038346638727,1.6910086860165965,0.952011141116574
rank1_y2=x3-2,227,228,0,30.133038346638727,1.6910086860165965,1.6050620735325833
rank0_y2=x3-x,229,200,30,30.265491900843113,1.69262435098263,0.8166065041103712
rank1_y2=x3-2,229,208,22,30.265491900843113,1.69262435098263,1.5088781496796617
rank0_y2=x3-x,233,208,26,30.528675044947494,1.6958061324630038,0.7031061302459887
rank1_y2=x3-2,233,234,0,30.528675044947494,1.6958061324630038,1.5131608114716626
rank0_y2=x3-x,239,240,0,30.919249667480614,1.700459555401444,0.7072815016564693
rank1_y2=x3-2,239,240,0,30.919249667480614,1.700459555401444,1.5173361828821432
rank0_y2=x3-x,241,272,-30,31.04834939252005,1.701980070888831,0.8282866344618116
rank1_y2=x3-2,241,225,17,31.04834939252005,1.701980070888831,1.4486396515959084
rank0_y2=x3-x,251,252,0,31.68595903550972,1.7093652239769999,0.832262782841451
rank1_y2=x3-2,251,252,0,31.68595903550972,1.7093652239769999,1.4526157999755478
rank0_y2=x3-x,257,256,2,32.0624390837628,1.7136314427104262,0.8283641424257937
rank1_y2=x3-2,257,258,0,32.0624390837628,1.7136314427104262,1.4564993000019455
rank0_y2=x3-x,263,264,0,32.43454948045371,1.7177816995013306,0.8321592133943453
rank1_y2=x3-2,263,264,0,32.43454948045371,1.7177816995013306,1.460294370970497
rank0_y2=x3-x,269,296,-26,32.802438933713454,1.7218217550180943,0.9278072881165665
rank1_y2=x3-2,269,270,0,32.802438933713454,1.7218217550180943,1.4640049503670325
rank0_y2=x3-x,271,272,0,32.92415526630866,1.723144887052054,0.9314905335328629
rank1_y2=x3-2,271,301,-29,32.92415526630866,1.723144887052054,1.5689963942362073
rank0_y2=x3-x,277,296,-18,33.28663395418648,1.7270462672679818,0.9978324816695849
rank1_y2=x3-2,277,304,-26,33.28663395418648,1.7270462672679818,1.6620065894550906
rank0_y2=x3-x,281,272,10,33.52610922848042,1.729592297654431,0.9652798786318365
rank1_y2=x3-2,281,282,0,33.52610922848042,1.729592297654431,1.6655589910594586
rank0_y2=x3-x,283,284,0,33.645207682521445,1.7308493614553722,0.9688072191498049
rank1_y2=x3-2,283,252,32,33.645207682521445,1.7308493614553722,1.5495411809276443
rank0_y2=x3-x,293,328,-34,34.23448553724738,1.736981621182782,1.0816482185168814
rank1_y2=x3-2,293,294,0,34.23448553724738,1.736981621182782,1.5529483392492587
rank0_y2=x3-x,307,308,0,35.04283093587046,1.7451652480377626,1.0849002539032588
rank1_y2=x3-2,307,324,-16,35.04283093587046,1.7451652480377626,1.6068441074543909
rank0_y2=x3-x,311,312,0,35.270384177096794,1.7474231316630926,1.088110529533507
rank1_y2=x3-2,311,312,0,35.270384177096794,1.7474231316630926,1.610054383084639
rank0_y2=x3-x,313,288,26,35.38361202590826,1.7485393220168293,1.0048678191292997
rank1_y2=x3-2,313,279,35,35.38361202590826,1.7485393220168293,1.4950629743658514
rank0_y2=x3-x,317,296,22,35.608987629529715,1.750746792271643,0.9363254995760794
rank1_y2=x3-2,317,318,0,35.608987629529715,1.750746792271643,1.4982125832687476
rank0_y2=x3-x,331,332,0,36.38681079732051,1.7582230880035041,0.9393420931155051
rank1_y2=x3-2,331,333,-1,36.38681079732051,1.7582230880035041,1.5042366978721284
rank0_y2=x3-x,337,320,18,36.71511950137164,1.7613145108432642,0.8875801585569156
rank1_y2=x3-2,337,333,5,36.71511950137164,1.7613145108432642,1.4922962575002106
rank0_y2=x3-x,347,348,0,37.255872020394314,1.7663262323508007,0.8904578583845308
rank1_y2=x3-2,347,348,0,37.255872020394314,1.7663262323508007,1.4951739573278258
rank0_y2=x3-x,349,360,-10,37.36308338453881,1.7673082808687564,0.9214899676322593
rank1_y2=x3-2,349,313,37,37.36308338453881,1.7673082808687564,1.3863052256655517
rank0_y2=x3-x,353,320,34,37.57658845611187,1.7692527588711147,0.8233429064927348
rank1_y2=x3-2,353,354,0,37.57658845611187,1.7692527588711147,1.3891340818660294
rank0_y2=x3-x,359,360,0,37.89459064299283,1.7721216343958586,0.8261245494546116
rank1_y2=x3-2,359,360,0,37.89459064299283,1.7721216343958586,1.3919157248279062
rank0_y2=x3-x,367,368,0,38.31448812133603,1.7758607260199126,0.8288456395689722
rank1_y2=x3-2,367,403,-35,38.31448812133603,1.7758607260199126,1.4854904387200187
rank0_y2=x3-x,373,360,14,38.62641583165593,1.7786030382976357,0.7933712513753123
rank1_y2=x3-2,373,361,13,38.62641583165593,1.7786030382976357,1.452789977409084
rank0_y2=x3-x,379,380,0,38.93584466786357,1.7812942670402616,0.7960062990133173
rank1_y2=x3-2,379,351,29,38.93584466786357,1.7812942670402616,1.3760399957925233
rank0_y2=x3-x,383,384,0,39.14077158156185,1.783060911092484,0.7986138624203981
rank1_y2=x3-2,383,384,0,39.14077158156185,1.783060911092484,1.3786475591996041
rank0_y2=x3-x,389,424,-34,39.44616584663204,1.785670861822471,0.8847679740339095
rank1_y2=x3-2,389,390,0,39.44616584663204,1.785670861822471,1.3812149547048498
rank0_y2=x3-x,397,360,38,39.84971769034255,1.7890785923345989,0.7869357247968747
rank1_y2=x3-2,397,364,34,39.84971769034255,1.7890785923345989,1.2944325416544
rank0_y2=x3-x,401,400,2,40.049968789001575,1.7907525336563095,0.7844388445982875
rank1_y2=x3-2,401,402,0,40.049968789001575,1.7907525336563095,1.2969232029668518
rank0_y2=x3-x,409,416,-6,40.44749683231337,1.7940427199665683,0.8014089488167491
rank1_y2=x3-2,409,441,-31,40.44749683231337,1.7940427199665683,1.372252922370896
rank0_y2=x3-x,419,420,0,40.93897898091744,1.7980514531035248,0.8037927401720253
rank1_y2=x3-2,419,420,0,40.93897898091744,1.7980514531035248,1.3746367137261721
rank0_y2=x3-x,421,392,30,41.036569057366385,1.7988398165863733,0.7324217462801064
rank1_y2=x3-2,421,403,19,41.036569057366385,1.7988398165863733,1.3309404419904736
rank0_y2=x3-x,431,432,0,41.52107898405339,1.8027172281158337,0.7347392444204689
rank1_y2=x3-2,431,432,0,41.52107898405339,1.8027172281158337,1.333257940130836
rank0_y2=x3-x,433,400,34,41.617304093369626,1.803480134424882,0.655466063525961
rank1_y2=x3-2,433,432,2,41.617304093369626,1.803480134424882,1.3309458003724566
rank0_y2=x3-x,439,440,0,41.90465367951393,1.8057444573324188,0.6577413773630967
rank1_y2=x3-2,439,412,28,41.90465367951393,1.8057444573324188,1.2674697366468115
rank0_y2=x3-x,443,444,0,42.09513035969837,1.8072340791289145,0.6599961697501857
rank1_y2=x3-2,443,444,0,42.09513035969837,1.8072340791289145,1.2697245290339005
rank0_y2=x3-x,449,464,-14,42.37924020083418,1.8094394020221285,0.6928578342341868
rank1_y2=x3-2,449,450,0,42.37924020083418,1.8094394020221285,1.2719492240560117
rank0_y2=x3-x,457,416,42,42.7551166528639,1.8123270638121716,0.5988597036012454
rank1_y2=x3-2,457,468,-10,42.7551166528639,1.8123270638121716,1.295734129079454
rank0_y2=x3-x,461,424,38,42.941821107167776,1.8137489263797582,0.5151951158365546
rank1_y2=x3-2,461,462,0,42.941821107167776,1.8137489263797582,1.2979009771645442
rank0_y2=x3-x,463,464,0,43.034869582700026,1.814454486992159,0.5173526139765757
rank1_y2=x3-2,463,487,-23,43.034869582700026,1.814454486992159,1.3484380461609
rank0_y2=x3-x,467,468,0,43.22036556994862,1.8158550349496865,0.5194916522253251
rank1_y2=x3-2,467,468,0,43.22036556994862,1.8158550349496865,1.3505770844096494
rank0_y2=x3-x,479,480,0,43.77213725647858,1.8199744235075084,0.5215771587163465
rank1_y2=x3-2,479,480,0,43.77213725647858,1.8199744235075084,1.3526625909006709
rank0_y2=x3-x,487,488,0,44.13615298142782,1.822654614909584,0.5236284414869038
rank1_y2=x3-2,487,463,25,44.13615298142782,1.822654614909584,1.3021255219043153
rank0_y2=x3-x,491,492,0,44.31703961232068,1.8239755997460028,0.5256630301846913
rank1_y2=x3-2,491,492,0,44.31703961232068,1.8239755997460028,1.3041601106021028
rank0_y2=x3-x,499,500,0,44.67661580737735,1.8265804690638883,0.5276650328553643
rank1_y2=x3-2,499,468,32,44.67661580737735,1.8265804690638883,1.2400223107682309
rank0_y2=x3-x,503,504,0,44.85532298401161,1.827864784902705,0.5296511308269936
rank1_y2=x3-2,503,504,0,44.85532298401161,1.827864784902705,1.2420084087398602
rank0_y2=x3-x,509,520,-10,45.12205669071391,1.8297691956748992,0.5510319258519438
rank1_y2=x3-2,509,510,0,45.12205669071391,1.8297691956748992,1.2439711179077089
rank0_y2=x3-x,521,544,-22,45.65084884205331,1.833501047482092,0.5942311309545194
rank1_y2=x3-2,521,522,0,45.65084884205331,1.833501047482092,1.2458886640369806
rank0_y2=x3-x,523,524,0,45.73838650411709,1.8341133241012881,0.5961413512106386
rank1_y2=x3-2,523,567,-43,45.73838650411709,1.8341133241012881,1.3266665036998098
rank0_y2=x3-x,541,584,-42,46.51881339845203,1.8395045285523632,0.6726230551923841
rank1_y2=x3-2,541,571,-29,46.51881339845203,1.8395045285523632,1.3806364345093385
rank0_y2=x3-x,547,548,0,46.776062254106,1.8412555432990554,0.6744495397184184
rank1_y2=x3-2,547,549,-1,46.776062254106,1.8412555432990554,1.3842860735968878
rank0_y2=x3-x,557,520,38,47.20169488482379,1.8441250182002895,0.6057131113666074
rank1_y2=x3-2,557,558,0,47.20169488482379,1.8441250182002895,1.3860797960509148
rank0_y2=x3-x,563,564,0,47.45524207081869,1.84581821069496,0.607487734724976
rank1_y2=x3-2,563,564,0,47.45524207081869,1.84581821069496,1.3878544194092832
rank0_y2=x3-x,569,544,26,47.70744176750625,1.8474906370752302,0.5625565474545876
rank1_y2=x3-2,569,570,0,47.70744176750625,1.8474906370752302,1.3896103461115483
rank0_y2=x3-x,571,572,0,47.791212581394085,1.8480435802743842,0.5643063291783754
rank1_y2=x3-2,571,603,-31,47.791212581394085,1.8480435802743842,1.4441383331827236
rank0_y2=x3-x,577,576,2,48.041648597857254,1.8496890535158976,0.5625717233661671
rank1_y2=x3-2,577,567,11,48.041648597857254,1.8496890535158976,1.426655370402376
rank0_y2=x3-x,587,588,0,48.45616575834287,1.8523879843432791,0.5642738514366975
rank1_y2=x3-2,587,588,0,48.45616575834287,1.8523879843432791,1.4283574984729064
rank0_y2=x3-x,593,640,-46,48.703182647543684,1.8539819352227063,0.6405476287926896
rank1_y2=x3-2,593,594,0,48.703182647543684,1.8539819352227063,1.4300424188378258
rank0_y2=x3-x,599,600,0,48.948953002081666,1.8555573408580213,0.6422156858933866
rank1_y2=x3-2,599,600,0,48.948953002081666,1.8555573408580213,1.4317104759385229
rank0_y2=x3-x,601,592,10,49.03060268852505,1.856078424783994,0.6271273862421848
rank1_y2=x3-2,601,576,26,49.03060268852505,1.856078424783994,1.3892232020992066
rank0_y2=x3-x,607,608,0,49.27473997901968,1.857629726813914,0.6287734771488535
rank1_y2=x3-2,607,559,49,49.27473997901968,1.857629726813914,1.3068438841948076
rank0_y2=x3-x,613,648,-34,49.51767361255979,1.8591634023886991,0.6842992375649168
rank1_y2=x3-2,613,661,-47,49.51767361255979,1.8591634023886991,1.3822327881102825
rank0_y2=x3-x,617,656,-38,49.678969393496885,1.8601762451891233,0.7455910026036181
rank1_y2=x3-2,617,618,0,49.678969393496885,1.8601762451891233,1.3838522216625855
rank0_y2=x3-x,619,620,0,49.759421218498915,1.86067982494785,0.7472052079581593
rank1_y2=x3-2,619,603,17,49.759421218498915,1.86067982494785,1.3576641457051748
rank0_y2=x3-x,631,632,0,50.23942674832188,1.8636623478184757,0.7487887395638034
rank1_y2=x3-2,631,589,43,50.23942674832188,1.8636623478184757,1.2887844668155484
rank0_y2=x3-x,641,592,50,50.635955604688654,1.866098164048597,0.6692659175271392
rank1_y2=x3-2,641,642,0,50.635955604688654,1.866098164048597,1.2903433135848394
rank0_y2=x3-x,643,644,0,50.714889332423866,1.8665800613969639,0.6708199193938734
rank1_y2=x3-2,643,684,-40,50.714889332423866,1.8665800613969639,1.3521565069697705
rank0_y2=x3-x,647,648,0,50.872389367907616,1.8675386848916535,0.6723643212452476
rank1_y2=x3-2,647,648,0,50.872389367907616,1.8675386848916535,1.3537009088211447
rank0_y2=x3-x,653,680,-26,51.10772935672255,1.868963864898664,0.712879990138969
rank1_y2=x3-2,653,654,0,51.10772935672255,1.868963864898664,1.3552311310019123
rank0_y2=x3-x,659,660,0,51.34199061197374,1.8703740090170862,0.714396290656933
rank1_y2=x3-2,659,660,0,51.34199061197374,1.8703740090170862,1.3567474315198762
rank0_y2=x3-x,661,712,-50,51.419840528729765,1.870840767180211,0.7887203622172225
rank1_y2=x3-2,661,613,49,51.419840528729765,1.870840767180211,1.2813585276044013
rank0_y2=x3-x,673,720,-46,51.884487084291386,1.8736075200799678,0.8562262445825957
rank1_y2=x3-2,673,711,-37,51.884487084291386,1.8736075200799678,1.3362856277629143
rank0_y2=x3-x,677,680,-2,52.03844732503075,1.8745171454080867,0.8606477698404731
rank1_y2=x3-2,677,678,0,52.03844732503075,1.8745171454080867,1.337761642791035
rank0_y2=x3-x,683,684,0,52.26853738148792,1.8758700242222175,0.8621108278922334
rank1_y2=x3-2,683,684,0,52.26853738148792,1.8758700242222175,1.3392247008427953
rank0_y2=x3-x,691,692,0,52.57375771237966,1.8776526943944836,0.8635569597422331
rank1_y2=x3-2,691,684,8,52.57375771237966,1.8776526943944836,1.329042794697676
rank0_y2=x3-x,701,712,-10,52.952809179494906,1.879847859882703,0.8791269841196188
rank1_y2=x3-2,701,702,0,52.952809179494906,1.879847859882703,1.330468311688897
rank0_y2=x3-x,709,680,30,53.25410782277739,1.8815781630118444,0.8373642557576436
rank1_y2=x3-2,709,763,-53,53.25410782277739,1.8815781630118444,1.4038708164412266
rank0_y2=x3-x,719,720,0,53.62835071116769,1.8837096708833092,0.8387541100466979
rank1_y2=x3-2,719,720,0,53.62835071116769,1.8837096708833092,1.4052606707302808
rank0_y2=x3-x,727,728,0,53.925875050851054,1.8853904335045044,0.8401286807098645
rank1_y2=x3-2,727,772,-44,53.925875050851054,1.8853904335045044,1.4653187432215375
rank0_y2=x3-x,733,680,54,54.147945482723536,1.8866370860794004,0.7650757769933653
rank1_y2=x3-2,733,784,-50,54.147945482723536,1.8866370860794004,1.5325820616852939
rank0_y2=x3-x,739,740,0,54.36910887627275,1.887872042323946,0.766428042243379
rank1_y2=x3-2,739,756,-16,54.36910887627275,1.887872042323946,1.5553255169166251
rank0_y2=x3-x,743,744,0,54.516052681756044,1.8886889500924846,0.7677730323587116
rank1_y2=x3-2,743,744,0,54.516052681756044,1.8886889500924846,1.5566705070319578
rank0_y2=x3-x,751,752,0,54.80875842417888,1.8903076815125652,0.7691037045444168
rank1_y2=x3-2,751,793,-41,54.80875842417888,1.8903076815125652,1.611088076902671
rank0_y2=x3-x,757,776,-18,55.02726596879042,1.8915087593801023,0.7938929712901869
rank1_y2=x3-2,757,787,-29,55.02726596879042,1.8915087593801023,1.6499530718826254
rank0_y2=x3-x,761,800,-38,55.17245689653489,1.8923034074572997,0.8438713410964284
rank1_y2=x3-2,761,762,0,55.17245689653489,1.8923034074572997,1.6512662697075857
rank0_y2=x3-x,769,720,50,55.46169849544819,1.893878381989583,0.7780315836008853
rank1_y2=x3-2,769,819,-49,55.46169849544819,1.893878381989583,1.714259384055011
rank0_y2=x3-x,773,808,-34,55.60575509783138,1.8946588159809719,0.8223145935345587
rank1_y2=x3-2,773,774,0,55.60575509783138,1.8946588159809719,1.7155522090573163
rank0_y2=x3-x,787,788,0,56.10704055642215,1.8973541947192274,0.8235844349750346
rank1_y2=x3-2,787,819,-31,56.10704055642215,1.8973541947192274,1.7554080444929825
rank0_y2=x3-x,797,776,22,56.462376853972415,1.8992459252908513,0.7968822763680383
rank1_y2=x3-2,797,798,0,56.462376853972415,1.8992459252908513,1.7566619631525762
rank0_y2=x3-x,809,800,10,56.88585061331157,1.9014803024283837,0.7856950869774739
rank1_y2=x3-2,809,810,0,56.88585061331157,1.9014803024283837,1.757897293760569
rank0_y2=x3-x,811,812,0,56.95612346359257,1.901848993594436,0.786927373023739
rank1_y2=x3-2,811,756,56,56.95612346359257,1.901848993594436,1.6876706158246892
rank0_y2=x3-x,821,872,-50,57.30619512757761,1.903676907624837,0.8471936874802904
rank1_y2=x3-2,821,822,0,57.30619512757761,1.903676907624837,1.688887901428441
rank0_y2=x3-x,823,824,0,57.37595315112421,1.904039420382532,0.8484080167126924
rank1_y2=x3-2,823,829,-5,57.37595315112421,1.904039420382532,1.6961518558866662
rank0_y2=x3-x,827,828,0,57.51521537819362,1.904761418874634,0.8496164760742607
rank1_y2=x3-2,827,828,0,57.51521537819362,1.904761418874634,1.6973603152482346
rank0_y2=x3-x,829,776,54,57.584720195551874,1.9051209151792698,0.7835488411221845
rank1_y2=x3-2,829,823,7,57.584720195551874,1.9051209151792698,1.6900963607900095
rank0_y2=x3-x,839,840,0,57.93099343184095,1.9069035750763015,0.7847400264923378
rank1_y2=x3-2,839,840,0,57.93099343184095,1.9069035750763015,1.6912875461601626
rank0_y2=x3-x,853,808,46,58.412327466040935,1.9093587172545532,0.730542537521754
rank1_y2=x3-2,853,889,-35,58.412327466040935,1.9093587172545532,1.732625234182388
rank0_y2=x3-x,857,800,58,58.54912467321779,1.9100516964981276,0.6617163465919016
rank1_y2=x3-2,857,858,0,58.54912467321779,1.9100516964981276,1.7337914150725704
rank0_y2=x3-x,859,860,0,58.61740355901138,1.9103967949834963,0.6628798138551997
rank1_y2=x3-2,859,873,-13,58.61740355901138,1.9103967949834963,1.7499580489279172
rank0_y2=x3-x,863,864,0,58.75372328627353,1.9110842330081819,0.6640378915758273
rank1_y2=x3-2,863,864,0,58.75372328627353,1.9110842330081819,1.7511161266485449
rank0_y2=x3-x,877,936,-58,59.22837157984339,1.913461776329401,0.7291463756812363
rank1_y2=x3-2,877,937,-59,59.22837157984339,1.913461776329401,1.817292416514784
rank0_y2=x3-x,881,832,50,59.36328831862332,1.9141330818127984,0.6719211905662653
rank1_y2=x3-2,881,882,0,59.36328831862332,1.9141330818127984,1.8184268465853957
rank0_y2=x3-x,883,884,0,59.430631832414505,1.9144674242916124,0.6730530525999486
rank1_y2=x3-2,883,837,47,59.430631832414505,1.9144674242916124,1.764925716470911
rank0_y2=x3-x,887,888,0,59.565090447341724,1.9151335100914084,0.6741798132825393
rank1_y2=x3-2,887,888,0,59.565090447341724,1.9151335100914084,1.7660524771535016
rank0_y2=x3-x,907,908,0,60.23288138550239,1.9184130377275423,0.675281741768696
rank1_y2=x3-2,907,927,-19,60.23288138550239,1.9184130377275423,1.7878635926042201
rank0_y2=x3-x,911,912,0,60.36555309114628,1.919058989863043,0.6763788345830692
rank1_y2=x3-2,911,912,0,60.36555309114628,1.919058989863043,1.7889606854185933
rank0_y2=x3-x,919,920,0,60.63002556489647,1.9203411919321562,0.6774663822704682
rank1_y2=x3-2,919,868,52,60.63002556489647,1.9203411919321562,1.7318662777232563
rank0_y2=x3-x,929,976,-46,60.959002616512684,1.9219260650113255,0.7268202298697222
rank1_y2=x3-2,929,930,0,60.959002616512684,1.9219260650113255,1.7329421250567194
rank0_y2=x3-x,937,976,-38,61.220911460055866,1.9231799474327014,0.7675995340443924
rank1_y2=x3-2,937,999,-61,61.220911460055866,1.9231799474327014,1.7970136214668506
rank0_y2=x3-x,941,1000,-58,61.35144660071187,1.9238022956770129,0.8284116734411497
rank1_y2=x3-2,941,942,0,61.35144660071187,1.9238022956770129,1.798075756457834
rank0_y2=x3-x,947,948,0,61.54673021371647,1.924730155775938,0.8294670825100932
rank1_y2=x3-2,947,948,0,61.54673021371647,1.924730155775938,1.7991311655267774
rank0_y2=x3-x,953,928,26,61.741396161732524,1.9256513036685254,0.8028839116420916
rank1_y2=x3-2,953,954,0,61.741396161732524,1.9256513036685254,1.800179933320862
rank0_y2=x3-x,967,968,0,62.19324722186485,1.9277750542768486,0.8039175034653743
rank1_y2=x3-2,967,1009,-41,62.19324722186485,1.9277750542768486,1.8426964582211767
rank0_y2=x3-x,971,972,0,62.321745803531535,1.928375376468284,0.8049468396344883
rank1_y2=x3-2,971,972,0,62.321745803531535,1.928375376468284,1.8437257943902907
rank0_y2=x3-x,977,1040,-62,62.51399843235114,1.9292705690584877,0.867436179727124
rank1_y2=x3-2,977,978,0,62.51399843235114,1.9292705690584877,1.8447488123823252
rank0_y2=x3-x,983,984,0,62.70566162636353,1.9301594875253774,0.8684529566322108
rank1_y2=x3-2,983,984,0,62.70566162636353,1.9301594875253774,1.845765589287412
rank0_y2=x3-x,991,992,0,62.960304954788775,1.9313350948748644,0.8694615295870955
rank1_y2=x3-2,991,931,61,62.960304954788775,1.9313350948748644,1.7833103322344912
rank0_y2=x3-x,997,936,62,63.150613615387776,1.9322096920696346,0.8063262361028493
rank1_y2=x3-2,997,988,10,63.150613615387776,1.9322096920696346,1.7742422600205208
rank0_y2=x3-x,1009,1040,-30,63.52952069707436,1.933940948878659,0.8365872078846588
rank1_y2=x3-2,1009,1053,-43,63.52952069707436,1.933940948878659,1.8169257518008874
rank0_y2=x3-x,1013,968,46,63.655321851358195,1.934512803107904,0.7911477909125525
rank1_y2=x3-2,1013,1014,0,63.655321851358195,1.934512803107904,1.8179124317033326
rank0_y2=x3-x,1019,1020,0,63.84355879804947,1.9353657565760385,0.7921286639681444
rank1_y2=x3-2,1019,1020,0,63.84355879804947,1.9353657565760385,1.8188933047589244
rank0_y2=x3-x,1021,1000,22,63.90618123468183,1.935648797889815,0.7713461247856159
rank1_y2=x3-2,1021,1036,-14,63.90618123468183,1.935648797889815,1.8334779094136873
rank0_y2=x3-x,1031,1032,0,64.21837743200929,1.9370545514568493,0.7723155868101641
rank1_y2=x3-2,1031,1032,0,64.21837743200929,1.9370545514568493,1.8344473714382354
rank0_y2=x3-x,1033,1040,-6,64.28063471995279,1.9373338300740406,0.7790691098259438
rank1_y2=x3-2,1033,981,53,64.28063471995279,1.9373338300740406,1.78279736188396
rank0_y2=x3-x,1039,1040,0,64.4670458451448,1.9381679685869466,0.7800311108621348
rank1_y2=x3-2,1039,1099,-59,64.4670458451448,1.9381679685869466,1.8389393251883541
rank0_y2=x3-x,1049,1040,10,64.77653896280658,1.9395460278413743,0.771414494601256
rank1_y2=x3-2,1049,1050,0,64.77653896280658,1.9395460278413743,1.839892159943626
rank0_y2=x3-x,1051,1052,0,64.8382603097893,1.939819836534539,0.7723655170219601
rank1_y2=x3-2,1051,1116,-64,64.8382603097893,1.939819836534539,1.8999009320079312
rank0_y2=x3-x,1061,1000,62,65.14598989960932,1.9411799993171772,0.713153657390114
rank1_y2=x3-2,1061,1062,0,65.14598989960932,1.9411799993171772,1.900842995195832
rank0_y2=x3-x,1063,1064,0,65.20736154760442,1.9414502726236607,0.7140939489497558
rank1_y2=x3-2,1063,1129,-65,65.20736154760442,1.9414502726236607,1.9610801810035463
rank0_y2=x3-x,1069,1096,-26,65.39113089708727,1.9422576168198726,0.7390375054326713
rank1_y2=x3-2,1069,1132,-62,65.39113089708727,1.9422576168198726,2.0183425287416292
rank0_y2=x3-x,1087,1088,0,65.93936608733814,1.9446489093297963,0.7399570457273499
rank1_y2=x3-2,1087,1033,55,65.93936608733814,1.9446489093297963,1.9673881107400584
rank0_y2=x3-x,1091,1092,0,66.06057825965497,1.9451741619736922,0.7408732161991295
rank1_y2=x3-2,1091,1092,0,66.06057825965497,1.9451741619736922,1.9683042812118379
rank0_y2=x3-x,1093,1160,-66,66.12110101926616,1.9454359635294878,0.8003670121230013
rank1_y2=x3-2,1093,1072,22,66.12110101926616,1.9454359635294878,1.9489041346660465
rank0_y2=x3-x,1097,1040,58,66.24198064671678,1.9459579279532022,0.7470085439831895
rank1_y2=x3-2,1097,1098,0,66.24198064671678,1.9459579279532022,1.9498152964602922
rank0_y2=x3-x,1103,1104,0,66.42288762166245,1.9467368100274605,0.7479147515667276
rank1_y2=x3-2,1103,1104,0,66.42288762166245,1.9467368100274605,1.9507215040438302
rank0_y2=x3-x,1109,1160,-50,66.60330322138685,1.9475108654179285,0.7928760483167708
rank1_y2=x3-2,1109,1110,0,66.60330322138685,1.9475108654179285,1.951622810999843
rank0_y2=x3-x,1117,1160,-42,66.84309986827361,1.9485355281680923,0.8306495333479805
rank1_y2=x3-2,1117,1183,-65,66.84309986827361,1.9485355281680923,2.009029875909029
rank0_y2=x3-x,1123,1124,0,67.02238432046416,1.9492985383661765,0.8315396090631736
rank1_y2=x3-2,1123,1089,35,67.02238432046416,1.9492985383661765,1.9782860441035461
rank0_y2=x3-x,1129,1184,-54,67.20119046564577,1.9500569056705428,0.8791058603574625
rank1_y2=x3-2,1129,1197,-67,67.20119046564577,1.9500569056705428,2.0367721855118575
rank0_y2=x3-x,1151,1152,0,67.85278181474949,1.9527987124320882,0.8799742928914165
rank1_y2=x3-2,1151,1152,0,67.85278181474949,1.9527987124320882,2.0376406180458115
rank0_y2=x3-x,1153,1088,66,67.91170738539859,1.953044995434737,0.8219482000382454
rank1_y2=x3-2,1153,1161,-7,67.91170738539859,1.953044995434737,2.044555079474644
rank0_y2=x3-x,1163,1164,0,68.20557161991974,1.9542691369564174,0.8228076758109641
rank1_y2=x3-2,1163,1164,0,68.20557161991974,1.9542691369564174,2.045414555247363
rank0_y2=x3-x,1171,1172,0,68.43975452907469,1.9552398295793783,0.8236612823502049
rank1_y2=x3-2,1171,1161,11,68.43975452907469,1.9552398295793783,2.036838173347537
rank0_y2=x3-x,1181,1192,-10,68.73136110975832,1.9564426041043028,0.8329323137781376
rank1_y2=x3-2,1181,1182,0,68.73136110975832,1.9564426041043028,2.0376845551162184
rank0_y2=x3-x,1187,1188,0,68.90573270780887,1.9571587025683121,0.8337744190910596
rank1_y2=x3-2,1187,1188,0,68.90573270780887,1.9571587025683121,2.0385266604291403
rank0_y2=x3-x,1193,1168,26,69.07966415668217,1.9578706818742135,0.8125961603813159
rank1_y2=x3-2,1193,1194,0,69.07966415668217,1.9578706818742135,2.0393645322837717
rank0_y2=x3-x,1201,1152,50,69.31089380465383,1.9588136570050596,0.7709411795571689
rank1_y2=x3-2,1201,1143,59,69.31089380465383,1.9588136570050596,1.9898663739985987
rank0_y2=x3-x,1213,1160,54,69.65629906907199,1.9602147640246028,0.7262645547135291
rank1_y2=x3-2,1213,1231,-17,69.65629906907199,1.9602147640246028,2.004596591239002
rank0_y2=x3-x,1217,1280,-62,69.77105417004964,1.9606782888438952,0.7767358186396649
rank1_y2=x3-2,1217,1218,0,69.77105417004964,1.9606782888438952,2.0054179465213173
rank0_y2=x3-x,1223,1224,0,69.94283380018284,1.9613703273349712,0.7775531460247639
rank1_y2=x3-2,1223,1224,0,69.94283380018284,1.9613703273349712,2.0062352739064164
rank0_y2=x3-x,1229,1160,70,70.11419257183242,1.9620585039213494,0.7197723205591394
rank1_y2=x3-2,1229,1230,0,70.11419257183242,1.9620585039213494,2.0070486127068445
rank0_y2=x3-x,1231,1232,0,70.17121917139534,1.962287044946161,0.7205843384681511
rank1_y2=x3-2,1231,1213,19,70.17121917139534,1.962287044946161,1.9923183954664412
rank0_y2=x3-x,1237,1256,-18,70.3420215802759,1.9629701353292233,0.7358273131038071
rank1_y2=x3-2,1237,1279,-41,70.3420215802759,1.9629701353292233,2.025707824652796
rank0_y2=x3-x,1249,1280,-30,70.68238818828917,1.964325050617658,0.7603441598918922
rank1_y2=x3-2,1249,1197,53,70.68238818828917,1.964325050617658,1.9831830200851914
rank0_y2=x3-x,1259,1260,0,70.96477999684069,1.9654428567394056,0.7611381257930687
rank1_y2=x3-2,1259,1260,0,70.96477999684069,1.9654428567394056,1.9839769859863678
rank0_y2=x3-x,1277,1256,22,71.47027354082255,1.9674296288918065,0.7445566167886734
rank1_y2=x3-2,1277,1278,0,71.47027354082255,1.9674296288918065,1.9847597648913087
rank0_y2=x3-x,1279,1280,0,71.52621896899066,1.9676484090292066,0.7453381721234934
rank1_y2=x3-2,1279,1237,43,71.52621896899066,1.9676484090292066,1.9513703357049539
rank0_y2=x3-x,1283,1284,0,71.63797875428926,1.9680848018558899,0.7461172917577634
rank1_y2=x3-2,1283,1284,0,71.63797875428926,1.9680848018558899,1.952149455339224
rank0_y2=x3-x,1289,1360,-70,71.80529228406496,1.9687364920403354,0.7997352675486736
rank1_y2=x3-2,1289,1290,0,71.80529228406496,1.9687364920403354,1.9529249497557544
rank0_y2=x3-x,1291,1292,0,71.86097689288673,1.968952954192725,0.8005095610445783
rank1_y2=x3-2,1291,1359,-67,71.86097689288673,1.968952954192725,2.0042569730602557
rank0_y2=x3-x,1297,1296,2,72.02777242147643,1.9696000548267303,0.7997382536403544
rank1_y2=x3-2,1297,1323,-25,72.02777242147643,1.9696000548267303,2.0241049528587673
rank0_y2=x3-x,1301,1352,-50,72.13875518748573,1.9700295630450926,0.8381900317307586
rank1_y2=x3-2,1301,1302,0,72.13875518748573,1.9700295630450926,2.0248732971147767
rank0_y2=x3-x,1303,1304,0,72.19418259112018,1.9702437532551584,0.8389571970925117
rank1_y2=x3-2,1303,1249,55,72.19418259112018,1.9702437532551584,1.9825472301155094
rank0_y2=x3-x,1307,1308,0,72.30490993010088,1.9706710120864968,0.8397220154854338
rank1_y2=x3-2,1307,1308,0,72.30490993010088,1.9706710120864968,1.9833120485084315
rank0_y2=x3-x,1319,1320,0,72.63607918933951,1.9719439041025277,0.8404798783485358
rank1_y2=x3-2,1319,1320,0,72.63607918933951,1.9719439041025277,1.9840699113715334
rank0_y2=x3-x,1321,1312,10,72.69112738154499,1.9721547698315205,0.8336435433302448
rank1_y2=x3-2,1321,1251,71,72.69112738154499,1.9721547698315205,1.9296241173161193
rank0_y2=x3-x,1327,1328,0,72.85602240034794,1.9727851915594352,0.8343968390344164
rank1_y2=x3-2,1327,1324,4,72.85602240034794,1.9727851915594352,1.9273608194808654
rank0_y2=x3-x,1361,1424,-62,73.78346698278686,1.9762973185984833,0.8796469283548713
rank1_y2=x3-2,1361,1362,0,73.78346698278686,1.9762973185984833,1.928095303538857
rank0_y2=x3-x,1367,1368,0,73.9459261893446,1.9769067295039087,0.8803781898134175
rank1_y2=x3-2,1367,1368,0,73.9459261893446,1.9769067295039087,1.9288265649974032
rank0_y2=x3-x,1373,1448,-74,74.10802925459562,1.9775131027264765,0.9335633569911083
rank1_y2=x3-2,1373,1374,0,74.10802925459562,1.9775131027264765,1.9295546320117267
rank0_y2=x3-x,1381,1352,30,74.32361670424818,1.9783169243419156,0.9123404601847255
rank1_y2=x3-2,1381,1351,31,74.32361670424818,1.9783169243419156,1.9075918165626333
rank0_y2=x3-x,1399,1400,0,74.80641683706017,1.9801063062129138,0.9130550011225943
rank1_y2=x3-2,1399,1468,-68,74.80641683706017,1.9801063062129138,1.9557350510716132
rank0_y2=x3-x,1409,1360,50,75.07329751649384,1.9810891218385605,0.8776594679540118
rank1_y2=x3-2,1409,1410,0,75.07329751649384,1.9810891218385605,1.956444522545147
rank0_y2=x3-x,1423,1424,0,75.44534445544006,1.9824518094540065,0.8783619618360806
rank1_y2=x3-2,1423,1444,-20,75.44534445544006,1.9824518094540065,1.9710942439080663
rank0_y2=x3-x,1427,1428,0,75.55130707009641,1.9828383486972145,0.8790624872587739
rank1_y2=x3-2,1427,1428,0,75.55130707009641,1.9828383486972145,1.9717947693307596
rank0_y2=x3-x,1429,1384,46,75.6042326857432,1.9830311563366507,0.8470654455065213
rank1_y2=x3-2,1429,1501,-71,75.6042326857432,1.9830311563366507,2.020951423034354
rank0_y2=x3-x,1433,1360,74,75.7099729229908,1.9834158522859386,0.7947799964084472
rank1_y2=x3-2,1433,1434,0,75.7099729229908,1.9834158522859386,2.021649016365748
rank0_y2=x3-x,1439,1440,0,75.86830695356264,1.9839906116676784,0.7954746820911256
rank1_y2=x3-2,1439,1440,0,75.86830695356264,1.9839906116676784,2.0223437020484263
rank0_y2=x3-x,1447,1448,0,76.07890640644094,1.9847527311974318,0.7961655284053034
rank1_y2=x3-2,1447,1483,-35,76.07890640644094,1.9847527311974318,2.0469183175548746
rank0_y2=x3-x,1451,1452,0,76.18398781896364,1.98513199584589,0.7968544709058569
rank1_y2=x3-2,1451,1452,0,76.18398781896364,1.98513199584589,2.047607260055428
rank0_y2=x3-x,1453,1448,6,76.23647421018367,1.9853211824990504,0.7934073802812357
rank1_y2=x3-2,1453,1387,67,76.23647421018367,1.9853211824990504,2.0011200167999768
rank0_y2=x3-x,1459,1460,0,76.39371701913711,1.9858869703146576,0.7940925464608322
rank1_y2=x3-2,1459,1404,56,76.39371701913711,1.9858869703146576,1.9626940528629475
rank0_y2=x3-x,1471,1472,0,76.70723564306043,1.9870106493288662,0.7947721251482163
rank1_y2=x3-2,1471,1396,76,76.70723564306043,1.9870106493288662,1.9103626155838278
rank0_y2=x3-x,1481,1552,-70,76.96752561957543,1.9879391151347,0.8415990116235815
rank1_y2=x3-2,1481,1482,0,76.96752561957543,1.9879391151347,1.9110376071720612
rank0_y2=x3-x,1483,1484,0,77.01947805587882,1.9881239529097923,0.8422730932129753
rank1_y2=x3-2,1483,1521,-37,77.01947805587882,1.9881239529097923,1.936338557293422
rank0_y2=x3-x,1487,1488,0,77.12327793863537,1.9884927796888983,0.8429453621458572
rank1_y2=x3-2,1487,1488,0,77.12327793863537,1.9884927796888983,1.937010826226304
rank0_y2=x3-x,1489,1424,66,77.17512552629896,1.9886767703308317,0.7983104214337694
rank1_y2=x3-2,1489,1413,77,77.17512552629896,1.9886767703308317,1.8846211762268223
rank0_y2=x3-x,1493,1480,14,77.27871634544663,1.9890439101882014,0.7895649906527398
rank1_y2=x3-2,1493,1494,0,77.27871634544663,1.9890439101882014,1.8852907443803946
rank0_y2=x3-x,1499,1500,0,77.43384273042376,1.9895925285110556,0.7902318796404435
rank1_y2=x3-2,1499,1500,0,77.43384273042376,1.9895925285110556,1.8859576333680983
rank0_y2=x3-x,1511,1512,0,77.74316690230724,1.9906823147636308,0.7908934741071822
rank1_y2=x3-2,1511,1512,0,77.74316690230724,1.9906823147636308,1.886619227834837
rank0_y2=x3-x,1523,1524,0,78.05126520435142,1.9917623080274702,0.7915498574586121
rank1_y2=x3-2,1523,1524,0,78.05126520435142,1.9917623080274702,1.887275611186267
rank0_y2=x3-x,1531,1532,0,78.2559901860554,1.9924769448220465,0.7922028121014649
rank1_y2=x3-2,1531,1539,-7,78.2559901860554,1.9924769448220465,1.8924873493674623
rank0_y2=x3-x,1543,1544,0,78.56207736560943,1.9935409819174026,0.7928506903230256
rank1_y2=x3-2,1543,1621,-77,78.56207736560943,1.9935409819174026,1.9418020187399776
rank0_y2=x3-x,1549,1480,70,78.71467461661771,1.9940694803346224,0.7472832166643176
rank1_y2=x3-2,1549,1561,-11,78.71467461661771,1.9940694803346224,1.949519098838541
rank0_y2=x3-x,1553,1600,-46,78.81624198095213,1.9944205221343088,0.7770983017435033
rank1_y2=x3-2,1553,1554,0,78.81624198095213,1.9944205221343088,1.9501628066174466
rank0_y2=x3-x,1559,1560,0,78.96834808959854,1.994945163390412,0.7777395329293094
rank1_y2=x3-2,1559,1560,0,78.96834808959854,1.994945163390412,1.9508040378032527
rank0_y2=x3-x,1567,1568,0,79.17070165155795,1.9956411279831212,0.7783774914836418
rank1_y2=x3-2,1567,1489,79,79.17070165155795,1.9956411279831212,1.899745828131241
rank0_y2=x3-x,1571,1572,0,79.27168473042566,1.9959875983659698,0.7790138262171725
rank1_y2=x3-2,1571,1572,0,79.27168473042566,1.9959875983659698,1.9003821628647717
rank0_y2=x3-x,1579,1580,0,79.47326594522211,1.996677542830355,0.7796469379825428
rank1_y2=x3-2,1579,1548,32,79.47326594522211,1.996677542830355,1.880554202758802
rank0_y2=x3-x,1583,1584,0,79.57386505631105,1.9970210277899918,0.7802784504759019
rank1_y2=x3-2,1583,1584,0,79.57386505631105,1.9970210277899918,1.8811857152521612
rank0_y2=x3-x,1597,1640,-42,79.92496481075234,1.998215508390071,0.8068478230791336
rank1_y2=x3-2,1597,1648,-50,79.92496481075234,1.998215508390071,1.9126212775065656
rank0_y2=x3-x,1601,1600,2,80.02499609497022,1.9985546055473546,0.8062230183102915
rank1_y2=x3-2,1601,1602,0,80.02499609497022,1.9985546055473546,1.9132456921381555
rank0_y2=x3-x,1607,1608,0,80.17480901130978,1.999061451626219,0.8068451023116906
rank1_y2=x3-2,1607,1608,0,80.17480901130978,1.999061451626219,1.9138677761395546
rank0_y2=x3-x,1609,1616,-6,80.22468448052632,1.9992299229801873,0.811186194400348
rank1_y2=x3-2,1609,1629,-19,80.22468448052632,1.9992299229801873,1.9262212377492165
rank0_y2=x3-x,1613,1640,-26,80.32434251209281,1.9995661535037337,0.8277866370933833
rank1_y2=x3-2,1613,1614,0,80.32434251209281,1.9995661535037337,1.9268410084539018
rank0_y2=x3-x,1619,1620,0,80.47359815492284,2.0000687283041825,0.8284041116421779
rank1_y2=x3-2,1619,1620,0,80.47359815492284,2.0000687283041825,1.9274584830026964
rank0_y2=x3-x,1621,1544,78,80.52328855678958,2.0002357834847255,0.7797373204912232
rank1_y2=x3-2,1621,1543,79,80.52328855678958,2.0002357834847255,1.8781438136301811
rank0_y2=x3-x,1627,1628,0,80.67217612039482,2.0007355484745517,0.7803517598346711
rank1_y2=x3-2,1627,1548,80,80.67217612039482,2.0007355484745517,1.8283697605608158
rank0_y2=x3-x,1637,1576,62,80.91971329657564,2.0015638585008295,0.7423764528813606
rank1_y2=x3-2,1637,1638,0,80.91971329657564,2.0015638585008295,1.8289804476026956
rank0_y2=x3-x,1657,1696,-38,81.41252974819048,2.0032033815548465,0.765640251806646
rank1_y2=x3-2,1657,1728,-70,81.41252974819048,2.0032033815548465,1.8709363795401335
rank0_y2=x3-x,1663,1664,0,81.55979401641473,2.003690862451165,0.7662413939948722
rank1_y2=x3-2,1663,1591,73,81.55979401641473,2.003690862451165,1.8266759286849927
rank0_y2=x3-x,1667,1668,0,81.65782265037441,2.0040147421642507,0.7668410941627704
rank1_y2=x3-2,1667,1668,0,81.65782265037441,2.0040147421642507,1.8272756288528909
rank0_y2=x3-x,1669,1640,30,81.70679286326198,2.0041763514696767,0.7493126913191794
rank1_y2=x3-2,1669,1603,67,81.70679286326198,2.0041763514696767,1.7869278578006087
rank0_y2=x3-x,1693,1768,-74,82.29216244576394,2.0060986935696605,0.792659552383633
rank1_y2=x3-2,1693,1741,-47,82.29216244576394,2.0060986935696605,1.8148854154356624
rank0_y2=x3-x,1697,1616,82,82.38931969618392,2.0064160768005546,0.7437515262304473
rank1_y2=x3-2,1697,1698,0,82.38931969618392,2.0064160768005546,1.8154745170727287
rank0_y2=x3-x,1699,1700,0,82.4378553820998,2.0065744503093064,0.7443399346028227
rank1_y2=x3-2,1699,1764,-64,82.4378553820998,2.0065744503093064,1.8530186319675332
rank0_y2=x3-x,1709,1640,70,82.68010643437755,2.0073631581671663,0.7031277723054759
rank1_y2=x3-2,1709,1710,0,82.68010643437755,2.0073631581671663,1.8536035983486479
rank0_y2=x3-x,1721,1744,-22,82.96987405076617,2.0083027259361383,0.7164035805628612
rank1_y2=x3-2,1721,1722,0,82.96987405076617,2.0083027259361383,1.8541844871247846
rank0_y2=x3-x,1723,1724,0,83.01807032206904,2.0084585979899687,0.71698379525857
rank1_y2=x3-2,1723,1764,-40,83.01807032206904,2.0084585979899687,1.8777014871635915
rank0_y2=x3-x,1733,1768,-34,83.2586331859946,2.009234892306504,0.7369787487405526
rank1_y2=x3-2,1733,1734,0,83.2586331859946,2.009234892306504,1.8782783547884725
rank0_y2=x3-x,1741,1800,-58,83.45058418010026,2.0098522789630806,0.7703057528566196
rank1_y2=x3-2,1741,1693,49,83.45058418010026,2.0098522789630806,1.8503207971534188
rank0_y2=x3-x,1747,1748,0,83.59425817602546,2.01031321148315,0.7708779989380439
rank1_y2=x3-2,1747,1809,-61,83.59425817602546,2.01031321148315,1.8851949724146573
rank0_y2=x3-x,1753,1808,-54,83.73768566183328,2.010772352389815,0.8017706549689313
rank1_y2=x3-2,1753,1764,-10,83.73768566183328,2.010772352389815,1.8914503240601594
rank0_y2=x3-x,1759,1760,0,83.88086790204308,2.011229714839726,0.8023389982635705
rank1_y2=x3-2,1759,1729,31,83.88086790204308,2.011229714839726,1.8742480650058917
rank0_y2=x3-x,1777,1856,-78,84.30895563343196,2.0125912609044807,0.845836083455065
rank1_y2=x3-2,1777,1764,14,84.30895563343196,2.0125912609044807,1.8669054734179769
rank0_y2=x3-x,1783,1784,0,84.45116932286965,2.0130416382931133,0.8463967787318794
rank1_y2=x3-2,1783,1867,-83,84.45116932286965,2.0130416382931133,1.912940999096559
rank0_y2=x3-x,1787,1788,0,84.545845551393,2.0133409364785715,0.8469562193059107
rank1_y2=x3-2,1787,1788,0,84.545845551393,2.0133409364785715,1.9135004396705904
rank0_y2=x3-x,1789,1800,-10,84.5931439302264,2.013490300924815,0.8530860796814477
rank1_y2=x3-2,1789,1708,82,84.5931439302264,2.013490300924815,1.8671667305103865
rank0_y2=x3-x,1801,1872,-70,84.87638069569178,2.0143825311346117,0.891751391543029
rank1_y2=x3-2,1801,1728,74,84.87638069569178,2.0143825311346117,1.8257893346984313
rank0_y2=x3-x,1811,1812,0,85.11169132381285,2.0151209245172574,0.8923034202625403
rank1_y2=x3-2,1811,1812,0,85.11169132381285,2.0151209245172574,1.8263413634179426
rank0_y2=x3-x,1823,1824,0,85.39320816083678,2.0160009209195078,0.892851816218154
rank1_y2=x3-2,1823,1824,0,85.39320816083678,2.0160009209195078,1.8268897593735565
rank0_y2=x3-x,1831,1832,0,85.58037158133867,2.016583946284612,0.8933978167777189
rank1_y2=x3-2,1831,1900,-68,85.58037158133867,2.016583946284612,1.8638813798535776
rank0_y2=x3-x,1847,1848,0,85.9534757877772,2.0177413859292934,0.8939390887801085
rank1_y2=x3-2,1847,1848,0,85.9534757877772,2.0177413859292934,1.8644226518559672
rank0_y2=x3-x,1861,1800,62,86.27861844049197,2.0187448654153406,0.8606117760221138
rank1_y2=x3-2,1861,1825,37,86.27861844049197,2.0187448654153406,1.8448886612303084
rank0_y2=x3-x,1867,1868,0,86.4175908018732,2.019172313267818,0.8611472512691791
rank1_y2=x3-2,1867,1953,-85,86.4175908018732,2.019172313267818,1.8899224485652646
rank0_y2=x3-x,1871,1872,0,86.51011501552867,2.0194564149261165,0.8616815820326268
rank1_y2=x3-2,1871,1872,0,86.51011501552867,2.0194564149261165,1.8904567793287121
rank0_y2=x3-x,1873,1808,66,86.55634003352961,2.0195982078717805,0.8263614205406601
rank1_y2=x3-2,1873,1809,65,86.55634003352961,2.0195982078717805,1.8556895622799188
rank0_y2=x3-x,1877,1960,-82,86.64871608973787,2.019881279965318,0.8696311361787142
rank1_y2=x3-2,1877,1878,0,86.64871608973787,2.019881279965318,1.856222185461618
rank0_y2=x3-x,1879,1880,0,86.69486720677297,2.020022559896889,0.8701631925892437
rank1_y2=x3-2,1879,1807,73,86.69486720677297,2.020022559896889,1.8171504766403812
rank0_y2=x3-x,1889,1856,34,86.92525524840292,2.020726413958652,0.85253923843388
rank1_y2=x3-2,1889,1890,0,86.92525524840292,2.020726413958652,1.8176797171925596
rank0_y2=x3-x,1901,1832,70,87.20091742636656,2.0215654892576693,0.8155674411795264
rank1_y2=x3-2,1901,1902,0,87.20091742636656,2.0215654892576693,1.818205617809466
rank0_y2=x3-x,1907,1908,0,87.33842224359219,2.021982780540208,0.8160916875873392
rank1_y2=x3-2,1907,1908,0,87.33842224359219,2.021982780540208,1.818729864217279
rank0_y2=x3-x,1913,2000,-86,87.47571091451616,2.022398587717702,0.8605661776891688
rank1_y2=x3-2,1913,1914,0,87.47571091451616,2.022398587717702,1.8192524667899257
rank0_y2=x3-x,1931,1932,0,87.88629017087932,2.023637203927531,0.8610839100331176
rank1_y2=x3-2,1931,1932,0,87.88629017087932,2.023637203927531,1.8197701991338746
rank0_y2=x3-x,1933,1960,-26,87.93179174792243,2.023774020507994,0.8749551830493497
rank1_y2=x3-2,1933,1996,-62,87.93179174792243,2.023774020507994,1.851842176796953
rank0_y2=x3-x,1949,1864,86,88.29496021857646,2.0248628166321634,0.8303634787873254
rank1_y2=x3-2,1949,1950,0,88.29496021857646,2.0248628166321634,1.8523551288471847
rank0_y2=x3-x,1951,1952,0,88.34025130143111,2.024998204352332,0.8308759051372521
rank1_y2=x3-2,1951,1951,1,88.34025130143111,2.024998204352332,1.8523551288471847
rank0_y2=x3-x,1973,1928,46,88.83692925805124,2.0264771815792004,0.8078038742851277
rank1_y2=x3-2,1973,1974,0,88.83692925805124,2.0264771815792004,1.8528618428179962
rank0_y2=x3-x,1979,1980,0,88.9719056781409,2.0268773012459063,0.8083090523711428
rank1_y2=x3-2,1979,1980,0,88.9719056781409,2.0268773012459063,1.8533670209040112
rank0_y2=x3-x,1987,1988,0,89.15155635209068,2.027408663677184,0.8088121970358454
rank1_y2=x3-2,1987,1899,89,89.15155635209068,2.027408663677184,1.8080684891644803
rank0_y2=x3-x,1993,2080,-86,89.28605714219886,2.02780559914943,0.8515390495184142
rank1_y2=x3-2,1993,2007,-13,89.28605714219886,2.02780559914943,1.8150685177480237
rank0_y2=x3-x,1997,2056,-58,89.37561188601732,2.0280694722706434,0.8806553426776547
rank1_y2=x3-2,1997,1998,0,89.37561188601732,2.0280694722706434,1.8155691435407073
rank0_y2=x3-x,1999,2000,0,89.42035562443263,2.028201184641132,0.8811554677193371
rank1_y2=x3-2,1999,1948,52,89.42035562443263,2.028201184641132,1.7897252932427876
